{
  "percentiles": {
    "0": 0.011403081325269751,
    "1": 0.06072271061486389,
    "2": 0.07450081349132937,
    "3": 0.08546779380971535,
    "4": 0.0944784875309181,
    "5": 0.10289286084560909,
    "6": 0.1106680456895319,
    "7": 0.11857953149695073,
    "8": 0.12620093819127348,
    "9": 0.1338581434059413,
    "10": 0.14089541148183352,
    "11": 0.1472834733775509,
    "12": 0.15359572997285934,
    "13": 0.1602836039263659,
    "14": 0.16654064756870485,
    "15": 0.17257336391872463,
    "16": 0.17887282255009018,
    "17": 0.18440703482574616,
    "18": 0.19047817504627962,
    "19": 0.1961617533675212,
    "20": 0.20128883612701018,
    "21": 0.20654614232300547,
    "22": 0.21185370653030977,
    "23": 0.21696943203110025,
    "24": 0.22202936899556397,
    "25": 0.22690500508971229,
    "26": 0.2321032783300411,
    "27": 0.2363293473022877,
    "28": 0.24085495941405335,
    "29": 0.24595344593171348,
    "30": 0.25056508106166453,
    "31": 0.255344862538608,
    "32": 0.2601956964134667,
    "33": 0.2645891153630302,
    "34": 0.26896322489495433,
    "35": 0.2735169069343376,
    "36": 0.2783223851093249,
    "37": 0.283088217088688,
    "38": 0.2876876213663677,
    "39": 0.2924299728767997,
    "40": 0.2968023724334405,
    "41": 0.30099877300728883,
    "42": 0.30514070372890795,
    "43": 0.30964957258704934,
    "44": 0.31430419070438714,
    "45": 0.31846557433189193,
    "46": 0.32256371423224633,
    "47": 0.3268722874629463,
    "48": 0.33078397790188824,
    "49": 0.3345721803859891,
    "50": 0.33861186674172195,
    "51": 0.3427263619152795,
    "52": 0.3469289728579772,
    "53": 0.35096564755020854,
    "54": 0.3552678008597554,
    "55": 0.35916435359445636,
    "56": 0.3631265946336621,
    "57": 0.36704524319615806,
    "58": 0.3711990288729662,
    "59": 0.37525094239166773,
    "60": 0.37941241606656395,
    "61": 0.3835254648931292,
    "62": 0.3876405936894371,
    "63": 0.3917281429744203,
    "64": 0.3960280014602217,
    "65": 0.3998581678043881,
    "66": 0.4037685792851363,
    "67": 0.4078517547005414,
    "68": 0.41211221102675927,
    "69": 0.4162510596738495,
    "70": 0.4206466539901509,
    "71": 0.4249796659421005,
    "72": 0.42934160878246863,
    "73": 0.43411087592634245,
    "74": 0.4388191275570902,
    "75": 0.4435773380226157,
    "76": 0.4480456575199297,
    "77": 0.4526259977206869,
    "78": 0.457357006192343,
    "79": 0.4620687696971436,
    "80": 0.46712002342270575,
    "81": 0.4718157934778518,
    "82": 0.4767204394292223,
    "83": 0.48234368162335756,
    "84": 0.4880432470048301,
    "85": 0.4936430543096561,
    "86": 0.4994758731502312,
    "87": 0.5051964885001043,
    "88": 0.5110019441854242,
    "89": 0.5174574838695212,
    "90": 0.5242318239627195,
    "91": 0.5311989167969696,
    "92": 0.5387692583550726,
    "93": 0.5467163467822934,
    "94": 0.5548779371614607,
    "95": 0.5639131979194271,
    "96": 0.5741923394653623,
    "97": 0.585752278888577,
    "98": 0.6002061363991581,
    "99": 0.620755222549115,
    "100": 0.8083565812208009
  },
  "weights": {
    "xgb": 0.4,
    "rf": 0.3,
    "lr": 0.15,
    "lstm": 0.15
  },
  "positive_bias": 0.1,
  "features": [
    "danceability",
    "energy",
    "key",
    "loudness",
    "mode",
    "speechiness",
    "acousticness",
    "instrumentalness",
    "liveness",
    "valence",
    "tempo",
    "duration_ms",
    "energy_x_danceability",
    "loudness_x_energy",
    "valence_x_danceability",
    "tempo_bucket",
    "duration_bucket"
  ],
  "interaction_features": [
    "energy_x_danceability",
    "loudness_x_energy",
    "valence_x_danceability",
    "tempo_bucket",
    "duration_bucket"
  ]
}